Quantity,Name,Finish,Condition,Language,Edition Name,Edition Code,Scryfall ID,Collector Number
1,Abjure,Normal,NM,EN,Weatherlight,wth,fbad9449-d09c-4fd0-b2ad-2aa3a29e03bf,31
1,Agility,Normal,NM,EN,Mirage,mir,5694cb42-7489-40c5-b21a-aeb36636015f,154
1,Alms,Normal,NM,EN,Weatherlight,wth,97382dd8-2754-4ca3-8ba8-d655acaf22ac,3
1,Ancestral Knowledge,Normal,NM,EN,Weatherlight,wth,05b90d72-00ac-4423-8cdf-e1471c6cd0ae,32
1,Ardent Militia,Normal,NM,EN,Weatherlight,wth,bb212ca5-bbb5-4c83-9a7b-9d5ab451e032,5
1,Argivian Restoration,Normal,NM,EN,Weatherlight,wth,9f1a9d35-1b2a-44a2-9bbc-8529a7487905,34
1,Aura of Silence,Normal,NM,EN,Weatherlight,wth,57e6c366-b8c7-4f66-b8e1-82dc69c0081c,7
1,Azimaet Drake,Normal,NM,EN,Mirage,mir,854ba4e0-f6f3-4b6c-b6cb-ab2b93d64601,53
1,Bad River,Normal,NM,EN,Mirage,mir,7a78abdb-d1ac-49cb-a74b-9de21c06364a,324
1,Barishi,Normal,NM,EN,Weatherlight,wth,f263eb80-f8f2-4b32-8e8b-a297de9f3666,119
1,Barrow Ghoul,Normal,NM,EN,Weatherlight,wth,f7055007-83dd-40fe-b2a1-4b3132f636db,61
1,Benalish Missionary,Normal,NM,EN,Weatherlight,wth,e9ac1992-6212-4f05-af16-c892dfc40643,10
1,Benevolent Unicorn,Normal,NM,EN,Mirage,mir,2a243bd7-af98-4e44-af6e-3b0b71d4837b,4
1,Betrayal,Normal,NM,EN,Visions,vis,7f9b5c75-882e-4fe4-827f-584080e91485,26
1,Betrothed of Fire,Normal,NM,EN,Weatherlight,wth,5e517aa4-d8ba-4a49-bf9f-172bf029fa52,89
1,Binding Agony,Normal,NM,EN,Mirage,mir,b620a9f4-358d-4436-85b8-b0c16602ff57,106
1,Blistering Barrier,Normal,NM,EN,Mirage,mir,56d000d8-24e1-4cf3-bed9-e68a89c8f569,159
1,Bloodrock Cyclops,Normal,NM,EN,Weatherlight,wth,5c642fd9-38f7-4029-ab93-e1dc5636c1ad,90
1,Boiling Blood,Normal,NM,EN,Weatherlight,wth,3fcb85b6-ab5a-40db-aaae-555315f32877,92
1,Bone Harvest,Normal,NM,EN,Mirage,mir,1cfde1ca-52f9-477d-a36e-6e4f7ca2e4d8,108
1,Boomerang,Normal,NM,EN,Mirage,mir,f5c98413-740d-47fd-bed6-2d3d05a72b31,56
1,Breathstealer,Normal,NM,EN,Mirage,mir,0cd9da69-5e57-4719-a712-630c9464fada,109
1,Burning Shield Askari,Normal,NM,EN,Mirage,mir,486547cd-d2e7-4c46-9f7b-81c4267d65cc,162
1,Celestial Dawn,Normal,NM,EN,Mirage,mir,89fb4c4a-ccdd-4f3c-80cf-356ab7836e16,6
1,Chimeric Sphere,Normal,NM,EN,Weatherlight,wth,cc96857c-b38e-4614-9838-cacd3700e3ee,148
1,Choking Sands,Normal,NM,EN,Mirage,mir,e41c15fb-01a1-446e-9e88-71e8e95d9bce,113
1,Choking Vines,Normal,NM,EN,Weatherlight,wth,6cc4a7ee-f6f0-454a-9074-5988fdee1f34,123
1,Cinder Cloud,Normal,NM,EN,Mirage,mir,f044c470-50ce-4a6c-b8ab-665357c3c11e,165
1,Cinder Giant,Normal,NM,EN,Weatherlight,wth,de97c939-2c44-4c43-9d66-1087bcee692b,93
1,Cloud Elemental,Normal,NM,EN,Visions,vis,4f2a5146-cf2e-40c0-b498-06e611343196,29
1,Coils of the Medusa,Normal,NM,EN,Weatherlight,wth,502bfb38-4a37-4053-af20-d5606ffc67c8,65
1,Coral Atoll,Normal,NM,EN,Visions,vis,5d7c4619-e5af-4aa0-bd3f-6bf0e1fdc1fc,160
1,Corrosion,Normal,NM,EN,Visions,vis,176122b2-f60f-4150-8c0c-757c8f8914d2,128
1,Crypt Rats,Normal,NM,EN,Visions,vis,736455f6-c1b3-4a5a-a91f-a0cd3986ed53,55
1,Crystal Vein,Normal,NM,EN,Mirage,mir,1afb6e29-058e-44c5-a3fa-56c462f070a0,325
1,Dark Banishing,Normal,NM,EN,Mirage,mir,5f983dcb-b077-465f-a70b-6bd0e425556c,115
1,Dark Privilege,Normal,NM,EN,Visions,vis,10d2cf44-cc20-4a37-81ae-930f8c6d0896,56
1,Death Watch,Normal,NM,EN,Visions,vis,0e939d8f-6989-4884-989b-9cba566c9963,57
1,Decomposition,Normal,NM,EN,Mirage,mir,b0ea46a1-ea65-4802-812c-4f0e0f3088d2,212
1,Delirium,Normal,NM,EN,Mirage,mir,c52981ea-1173-4f4b-a929-705a11c6e381,260
1,Desolation,Normal,NM,EN,Visions,vis,3b186460-d2af-4912-ba19-95b2cb5f1639,58
1,Disrupt,Normal,NM,EN,Weatherlight,wth,c6cc89b0-9acf-452b-ac1a-bc7e90eb32fc,37
1,Dissipate,Normal,NM,EN,Mirage,mir,36d9271d-6dbf-4640-9222-721a7a3ccc08,61
1,Divine Retribution,Normal,NM,EN,Mirage,mir,75629aa3-426e-4e25-a7ab-71e03436e061,12
1,Dormant Volcano,Normal,NM,EN,Visions,vis,6aa92be7-883f-42bd-8623-00eb2df28a98,161
1,Dream Fighter,Normal,NM,EN,Mirage,mir,aec06bc9-553c-4e01-8b43-a4eeaa511b4d,63
1,Dwarven Berserker,Normal,NM,EN,Weatherlight,wth,7bc734e9-fb09-4094-94b6-76c0458649e9,97
1,Ebony Charm,Normal,NM,EN,Mirage,mir,937c8016-43c8-418b-9057-b5d6715f71f7,120
1,Ekundu Griffin,Normal,NM,EN,Mirage,mir,3a32778b-e6ff-45ca-8b22-dc97a406faa4,13
1,Elephant Grass,Normal,NM,EN,Visions,vis,f4c1f5a7-0d28-43ab-9b66-937e963f42cd,104
1,Elixir of Vitality,Normal,NM,EN,Mirage,mir,60450239-6055-4561-9f8c-565b4e4d9cb1,300
1,Emerald Charm,Normal,NM,EN,Visions,vis,e9c9199b-61b3-4794-878b-f065058f50f3,106
1,Empyrial Armor,Normal,NM,EN,Weatherlight,wth,5518a79f-bcae-417a-b01b-b6ff572be0be,13
1,Enfeeblement,Normal,NM,EN,Mirage,mir,bf808509-c6c2-4dcb-b35b-e61291faf5d9,121
1,Enlightened Tutor,Normal,NM,EN,Mirage,mir,cbac1d27-15e2-4e2f-82ab-625a16e096cb,14
1,Ersatz Gnomes,Normal,NM,EN,Mirage,mir,5a2747ab-00c8-4f59-b9a6-54ff4e99f6c8,301
1,Everglades,Normal,NM,EN,Visions,vis,c1f2eaf7-7f08-446b-892f-5a844f74808f,162
1,Fallen Askari,Normal,NM,EN,Visions,vis,00107210-313f-49c1-84ff-92628f75b764,59
1,Fallow Wurm,Normal,NM,EN,Weatherlight,wth,1ba02b6f-6010-47a4-8670-406391a52a68,126
1,Favorable Destiny,Normal,NM,EN,Mirage,mir,e5657403-7c86-4eb6-84b0-75eedb04a5a2,16
1,Femeref Healer,Normal,NM,EN,Mirage,mir,90dedd5e-e2ee-46ec-8541-27f1548b2a2a,17
1,Femeref Scouts,Normal,NM,EN,Mirage,mir,60192ded-689b-4cc5-9293-bff52924089b,19
1,Feral Shadow,Normal,NM,EN,Mirage,mir,672e2d34-1aae-47c7-8b7a-e3354bbbd662,122
1,Fetid Horror,Normal,NM,EN,Mirage,mir,4be39d50-1e36-4dac-a923-81fc9f229b8d,123
1,Flooded Shoreline,Normal,NM,EN,Visions,vis,49db9f58-380f-496e-9d3d-6776d30fb564,32
1,Flood Plain,Normal,NM,EN,Mirage,mir,7b7610f3-f182-404e-80b9-ccd94e174db0,326
1,Fog Elemental,Normal,NM,EN,Weatherlight,wth,28b454d0-7dc7-419f-aefa-f20f37444658,40
1,Forest,Normal,NM,EN,Mirage,mir,a0ae7a81-9a61-4112-af22-369c525b2eb1,347
1,Funeral Charm,Normal,NM,EN,Visions,vis,e79d7240-2014-4838-bace-80666192a73e,61
1,Gemstone Mine,Normal,NM,EN,Weatherlight,wth,09507f7f-c58f-4f57-b878-b39811a5b619,164
1,Gibbering Hyenas,Normal,NM,EN,Mirage,mir,a252a1f5-bba5-4525-8141-57caea9624e9,219
1,Goblin Tinkerer,Normal,NM,EN,Mirage,mir,e6529852-8b3e-4a70-a4a1-029e012231c6,180
1,Gossamer Chains,Normal,NM,EN,Visions,vis,e9917a29-c6b4-4e0a-a301-21868bd27e17,6
1,Grasslands,Normal,NM,EN,Mirage,mir,65f5efac-ef98-4be2-abcc-1aa38bf66b06,327
1,Griffin Canyon,Normal,NM,EN,Visions,vis,705d8194-3ad0-41b7-ae32-9c0cd8cd46b9,163
1,Guided Strike,Normal,NM,EN,Weatherlight,wth,c6e8ec37-abe8-45a9-a1a0-6d4e37c74c45,16
1,Helm of Awakening,Normal,NM,EN,Visions,vis,41bba882-39b8-42db-9a01-54c6712b8019,145
1,Hidden Horror,Normal,NM,EN,Weatherlight,wth,885dc4c5-2ade-4497-b579-0307c67ac783,72
1,Horrible Hordes,Normal,NM,EN,Mirage,mir,cf04f2cd-d9f8-4e0c-adaf-6d38bc14dd7a,304
1,Hulking Cyclops,Normal,NM,EN,Visions,vis,a3ee5ea8-7023-4dde-ab51-d3ba234d74b9,84
1,Illicit Auction,Normal,NM,EN,Mirage,mir,9c3f633f-538c-4581-b3cc-9285ed6bc4fe,183
1,Impulse,Normal,NM,EN,Visions,vis,9d710a97-062f-4773-b6c6-8aeddeb3b6e8,34
1,Inspiration,Normal,NM,EN,Visions,vis,5247d0b0-660e-4f27-8e76-62effbe12221,35
1,Island,Normal,NM,EN,Mirage,mir,df84bf1b-8698-4c3e-baa9-926f0efc6a12,335
1,Jamuraan Lion,Normal,NM,EN,Visions,vis,bfc681f5-9fff-48b6-98d9-e85c85e582a3,10
1,Jolt,Normal,NM,EN,Mirage,mir,3e0c085a-e17d-4003-bb58-f97555365fcf,70
1,Jungle Basin,Normal,NM,EN,Visions,vis,cc3146db-2f86-4728-9af1-ff651f871652,164
1,Jungle Wurm,Normal,NM,EN,Mirage,mir,f17f81b9-1fa1-4062-a9b3-048179274c05,224
1,Kaervek's Torch,Normal,NM,EN,Mirage,mir,0a1624ab-e50e-48a3-acf7-457069914616,185
1,Karoo,Normal,NM,EN,Visions,vis,d786815c-53ec-483e-ad56-382778a57b1a,165
1,King Cheetah,Normal,NM,EN,Visions,vis,38149d49-8661-427c-9338-93c11a2a8093,110
1,Knight of the Mists,Normal,NM,EN,Visions,vis,37924cbc-fb9d-4906-9ad2-9b6d4ccfff0f,36
1,Kukemssa Serpent,Normal,NM,EN,Mirage,mir,9099eacf-1898-493c-ae87-d5ff4a3646a2,72
1,Lava Storm,Normal,NM,EN,Weatherlight,wth,61fcd58e-e5e2-45f4-9edd-300a871ae5f5,110
1,Lightning Reflexes,Normal,NM,EN,Mirage,mir,271febe5-98ea-403d-87be-7865cf9f426d,186
1,Llanowar Druid,Normal,NM,EN,Weatherlight,wth,ffad279c-762a-42cf-ac20-f4e48734c194,133
1,Llanowar Sentinel,Normal,NM,EN,Weatherlight,wth,6f37ea4b-66e2-4ad5-ae7f-d02fd59131bd,134
1,Lotus Vale,Normal,NM,EN,Weatherlight,wth,2e5cd12a-2a07-44a8-8eac-de00d26fe9e3,165
1,Mana Prism,Normal,NM,EN,Mirage,mir,81137c17-18b8-484e-8334-28f143c08177,308
1,Manta Ray,Normal,NM,EN,Weatherlight,wth,80f74884-9b82-419d-9e97-c947a6b7d09f,42
1,Marble Diamond,Normal,NM,EN,Mirage,mir,4731eb16-3088-4d4d-80a4-7e39d00c1a87,310
1,Master of Arms,Normal,NM,EN,Weatherlight,wth,ac97ff43-c0b6-4f67-ad09-5ba8710c681a,20
1,Memory Lapse,Normal,NM,EN,Mirage,mir,63453ed9-5cf1-4cad-b173-a067f22a4405,74
1,Merfolk Raiders,Normal,NM,EN,Mirage,mir,d0f34166-8946-4bcc-84af-3540c42ac7f7,75
1,Merfolk Seer,Normal,NM,EN,Mirage,mir,63139890-e860-4791-9bb6-b79bb361ef8b,76
1,Mind Harness,Normal,NM,EN,Mirage,mir,5bf17780-801d-4ab8-91f4-a803ede51395,78
1,Mind Stone,Normal,NM,EN,Weatherlight,wth,162e81d3-6cd4-4cb8-8ed8-cfbd8d34ca71,153
1,Mortal Wound,Normal,NM,EN,Visions,vis,808830ff-496a-41dc-8b64-334ddaca9435,113
1,Moss Diamond,Normal,NM,EN,Mirage,mir,87cea56a-b64f-452a-8e4b-40363aabb452,312
1,Mountain,Normal,NM,EN,Mirage,mir,97004cdc-0baf-415d-8e87-7f36667c4628,343
1,Mountain Valley,Normal,NM,EN,Mirage,mir,ded4e5c2-4f03-47c1-9843-b98c239ccfea,328
1,Mtenda Griffin,Normal,NM,EN,Mirage,mir,162dd988-0beb-48e4-9eaa-a08ddb835648,28
1,Mystical Tutor,Normal,NM,EN,Mirage,mir,5d98101f-e32a-4a4a-a649-faa920d111ee,80
1,Nature's Kiss,Normal,NM,EN,Weatherlight,wth,64b09c44-d463-45a9-9fa2-89407c21200b,136
1,Necromancy,Normal,NM,EN,Visions,vis,311a6257-dd77-4bb6-81cb-c8e7862350f3,64
1,Noble Benefactor,Normal,NM,EN,Weatherlight,wth,bd221f30-1773-4e05-a40f-022a9306ef89,44
1,Noble Elephant,Normal,NM,EN,Mirage,mir,65f399cb-dddb-422a-8d36-938b82b59e10,30
1,Painful Memories,Normal,NM,EN,Mirage,mir,79223c17-ecb1-47f1-8e24-eea464cc9b1e,133
1,Phyrexian Walker,Normal,NM,EN,Visions,vis,9f8a3979-2947-4692-8b2f-d4c07c534777,152
1,Plains,Normal,NM,EN,Mirage,mir,888f32ad-3bdd-4c46-b3f0-522ac9763591,331
1,Power Sink,Normal,NM,EN,Mirage,mir,49717583-e0bb-47d6-92d0-8959af13391f,83
1,Pyric Salamander,Normal,NM,EN,Mirage,mir,7f2dc1a7-4b70-4643-90a8-fdc7877c01ca,187
1,Quicksand,Normal,NM,EN,Visions,vis,11370658-8d80-4d2f-afa5-ec6df6dee369,166
1,Quirion Elves,Normal,NM,EN,Mirage,mir,be9a64fb-1e8d-4ed8-b4c5-3d44db9c1d3b,234
1,Quirion Ranger,Normal,NM,EN,Visions,vis,56efe72c-6d7f-44f6-ac74-01af9305c4b6,117
1,Radiant Essence,Normal,NM,EN,Mirage,mir,d9b1853c-d5b9-4361-8a2f-36946a62847b,276
1,Raging Gorilla,Normal,NM,EN,Visions,vis,07c284ce-33b8-4fb2-9dd9-4c477bedc774,90
1,Rampant Growth,Normal,NM,EN,Mirage,mir,a9dd8043-4099-42bb-9d54-4efc8b38fe18,235
1,Ray of Command,Normal,NM,EN,Mirage,mir,4361c600-7a97-46bf-8cc1-f3713d3c28ab,86
1,Razortooth Rats,Normal,NM,EN,Weatherlight,wth,ae869780-27e8-4a6d-9ac6-cdab617725e2,78
1,Redwood Treefolk,Normal,NM,EN,Weatherlight,wth,0274e162-33e4-4604-a6ea-51fc1a5c6a04,138
1,Resistance Fighter,Normal,NM,EN,Visions,vis,21250bdb-9431-41b3-9fef-d66a4d3f6ecd,18
1,Righteous War,Normal,NM,EN,Visions,vis,bbcacb8e-1aff-4807-b70c-a17d6703d279,134
1,Rock Slide,Normal,NM,EN,Visions,vis,7e01717a-d6ed-42c1-9a9a-f3f4a3d73bca,92
1,Rocky Tar Pit,Normal,NM,EN,Mirage,mir,1e21c347-7aaf-42ae-abf3-f1283c5b54e6,329
1,Rogue Elephant,Normal,NM,EN,Weatherlight,wth,1b622b2f-84ad-4203-97fa-35af09e1c370,139
1,Roots of Life,Normal,NM,EN,Mirage,mir,26724a51-87dd-4159-b012-71598e4cf5eb,237
1,Sabertooth Cobra,Normal,NM,EN,Mirage,mir,48ead72b-f3f5-4065-a33c-0992cf1fdb34,238
1,Sage Owl,Normal,NM,EN,Weatherlight,wth,3ee2d6a1-8b1e-47e5-9720-5683ac458250,52
1,Sandstorm,Normal,NM,EN,Mirage,mir,cdce7d3c-cc17-4010-85ec-402a6f256360,239
1,Sawtooth Ogre,Normal,NM,EN,Weatherlight,wth,4a237580-f7f6-4d6b-a342-0d11fc0b5a59,114
1,Scorched Ruins,Normal,NM,EN,Weatherlight,wth,75a4e843-937c-47fb-8768-0f42c5cb4e4f,166
1,Searing Spear Askari,Normal,NM,EN,Mirage,mir,5cf66916-7f6b-412f-acd6-f96ad4539a46,191
1,Seedling Charm,Normal,NM,EN,Mirage,mir,e42746e1-f422-4453-a860-3993d5796479,240
1,Serene Heart,Normal,NM,EN,Mirage,mir,aff19d9d-8069-4f8d-a81b-e2fcd94c13b3,242
1,Serra's Blessing,Normal,NM,EN,Weatherlight,wth,2794cca9-3df0-4864-8a98-4de71a2bcf17,25
1,Serrated Biskelion,Normal,NM,EN,Weatherlight,wth,c449126c-ac01-4a90-b967-8c3ad112091b,156
1,Shadow Rider,Normal,NM,EN,Weatherlight,wth,5bfdec24-e689-4cca-a546-a8f5d0929f8d,79
1,Shrieking Drake,Normal,NM,EN,Visions,vis,63971a64-c5f3-4d1f-ae0d-489d7d5b18f0,43
1,Sisay's Ring,Normal,NM,EN,Visions,vis,a08becd3-ca5e-4150-8d28-52436a3eaffd,154
1,Skulking Ghost,Normal,NM,EN,Mirage,mir,f8ca7e96-0545-4f36-85c0-944d5c0b760a,143
1,Soar,Normal,NM,EN,Mirage,mir,bd3666dd-a90e-43c2-bd78-ea9c1af08a0e,93
1,Song of Blood,Normal,NM,EN,Visions,vis,4497a1d7-6604-4f2d-9484-1f1d77a6228f,94
1,Soul Shepherd,Normal,NM,EN,Weatherlight,wth,f45a39ba-5fbf-46c3-8dc7-3058ac6d24e8,26
1,Soulshriek,Normal,NM,EN,Mirage,mir,5c3bf717-2b88-4704-a7e9-f62dbb3d3d3d,145
1,Spider Climb,Normal,NM,EN,Visions,vis,a1818812-4cb8-4fe1-98c0-b40086b4991c,120
1,Squandered Resources,Normal,NM,EN,Visions,vis,fcddbea7-3025-47b1-a597-2d2b2711fb81,137
1,Steel Golem,Normal,NM,EN,Weatherlight,wth,9aa927e0-5a65-4ac1-8eca-c000bb8080e7,157
1,Swamp,Normal,NM,EN,Mirage,mir,f2d28477-8be1-4caf-8185-64f47905ccb1,339
1,Talruum Champion,Normal,NM,EN,Visions,vis,33730a07-754c-4606-bfac-d73454af9567,97
1,Talruum Minotaur,Normal,NM,EN,Mirage,mir,51657034-2c30-40a2-a215-a00277f01642,196
1,Teferi's Isle,Normal,NM,EN,Mirage,mir,b6ed7ca8-fd91-46e3-9149-a3de23c7078e,330
1,Tendrils of Despair,Normal,NM,EN,Weatherlight,wth,b5d73ddb-bd3c-4625-9f75-ba2079553915,83
1,Teremko Griffin,Normal,NM,EN,Mirage,mir,96267012-24da-43ae-97af-69ca3d7704f8,43
1,Thirst,Normal,NM,EN,Mirage,mir,12630ac5-a6c4-4852-abd9-5a0bc71bbf83,99
1,Uktabi Faerie,Normal,NM,EN,Mirage,mir,c3cdee9f-7ea9-4397-a230-ce610be5d3af,247
1,Uktabi Orangutan,Normal,NM,EN,Visions,vis,101c7d58-43cc-4ebd-87f1-2016fbff56dd,123
1,Undiscovered Paradise,Normal,NM,EN,Visions,vis,5f6e8830-5e62-4945-8b73-60f0628d38e7,167
1,Unseen Walker,Normal,NM,EN,Mirage,mir,0861a73d-8810-42f7-b20a-a6dd53586220,249
1,Unyaro Bee Sting,Normal,NM,EN,Mirage,mir,71bdd944-e86c-4e5e-b75c-9bbf4fb27ccd,250
1,Unyaro Griffin,Normal,NM,EN,Mirage,mir,d6db3573-2cc5-47ca-b65f-080aab7fdddc,44
1,Urborg Mindsucker,Normal,NM,EN,Visions,vis,78405864-fc83-47ab-9238-8e0464a700ec,71
1,Urborg Panther,Normal,NM,EN,Mirage,mir,edc9ff0f-adec-4d39-b281-98c5862f506b,150
1,Urborg Stalker,Normal,NM,EN,Weatherlight,wth,2d33e3d5-c608-4ba8-8614-0b9d0385af64,85
1,Vodalian Illusionist,Normal,NM,EN,Weatherlight,wth,9ce0e28b-9fd6-4763-8d6b-952b530358ab,58
1,Volcanic Geyser,Normal,NM,EN,Mirage,mir,911787db-9023-46f8-9501-3ad26b6ca51d,202
1,Wand of Denial,Normal,NM,EN,Visions,vis,0b1c856f-6d29-4bfc-976e-7875d60abd52,159
1,Wild Elephant,Normal,NM,EN,Mirage,mir,7809131c-747c-4c33-a3ca-13e573a92b66,254
1,Wildfire Emissary,Normal,NM,EN,Mirage,mir,6d99204c-b42d-48bc-9a93-fae5660665c7,203
1,Winding Canyons,Normal,NM,EN,Weatherlight,wth,f26672a8-f4ff-4c64-bb3e-f5072bbc9e3e,167
1,Zombie Mob,Normal,NM,EN,Mirage,mir,ab85551f-c9cc-409c-9fb5-a45de695e521,153
